label,title
1,wow gold happy
1,mission open lobby number count per mission like warframe
1,new makeshift girlfriend stw
1,seeing gas trap changed reset schematic
1,brainstorm session new ability
1,hidden alert reward reward comment mythical alert
1,okay seriously need new game ui
1,chicken bender got ta eat chicken tender bokbagok old image found chicken
1,x reward someone posted got mythic lead rts popping almost everyday
1,find new quest page clicking past business
1,high noon crazy strong powerful quickdraw calamity last word build
1,llama gave wrong hero
1,many event new feature idea
1,everyone
1,storm king pin
1,epic done big oopsie
1,might ghost bos material
1,think pas thank
1,people bad sk
1,setting turn shaking
1,fortnite holiday bop
1,upgrade llama lt
1,got glitch quinn seems take male pose wish wa skin br
1,ha anyone happen
1,bring back mission
1,want candy cheaply get rtd solo using trap patrol ward stone build mostly water husk save trap durability survivor
1,please devs
1,drone side quest suggestion
1,got kicked afk fully building trapping rescue survivor mission wait minute mission start get kicked waiting waste time material
1,storm shield build limit
1,guide want hero hero loadout system text infographics
1,wish people would stop carrying player
1,kicked idle literally building whole defence rts twine
1,stw br
1,psa destroying hotel activating final sensor break mission
1,ive playing since season still dont know doe
1,door darkness load help
1,stw save world
1,deploy telescope eye sky quest stonewood
1,know willow va
1,fix notification hero tab new
1,battle breaker collaboration
1,back day canny valley got revamped bug canny pretty funny plus global chat
1,everybody clap alien cheek intellectual
1,add xbox pc
1,part save world comic
1,ca go left
1,go
1,someone please explain patrol ward work
1,value
1,idek say
1,patch note
1,would
1,feeling whole community first day season
1,theory world wa destroyed event alternate timeline like rick morty episode
1,ha anyone else noticed save world reference br
1,guy think stw shut
1,dungeon loading screen mined stw
1,thing changed season
1,wow season garbage
1,twine stormshield bug
1,getting fortnitemares year row magyst wa month ago doe count recycled
1,destiny warframe currently steam
1,ya help
1,trap idea garlic sprayer
1,mission alert utc
1,daily llama
1,canny valley endurance issue feedback
1,hoping season actually give u content right away instead keeping u wait week
1,hero miss playing
1,sorry people fine game
1,friend epic friendlist sorted upside offline top online people bottom ingame friend
1,day fortnite stw think rushed game
1,always hurt people dont know please epic make tutorial
1,hit road postmortem good bad suggestion
1,found somewhere
1,harder find teddy bear daily mission lately
1,every pub game supposed crash
1,oh ha constructor base gone
1,efficient way get rare perk
1,fast way upgrade survivor
1,game crashed hit road
1,storyline confusing
1,freezing issue starting affect control gameplay unfreezing
1,experiencing technical difficulty please standby
1,stw keep crashing
1,fix game ffs crashing time even able launch mission without crashing epic ffs test update even player leave game
1,mod deleted post reason thank epic
1,underrated hero
1,hey bro wan na trade
1,endurance still fixed
1,suggestion adjusting propane sploders
1,level afk player sends message yes lost mission
1,audio bug
1,interesting concept
1,save world prefab creative mode
1,teacher tuesday ask question
1,great even access game help
1,fire enemy fire affliction
1,ha anyone used crossbow military set
1,present power base penny grinding
1,vaccum tube sniper rifle audio bug
1,canny valley ssd spawn map still date find
1,guess quit mission find magazine new area hit road
1,ha stw crashing lately
1,stuff
1,finally got commander level today almost max power level level away tbh absolutely enjoyed grind last month think would enjoyed much still playing fortnite br
1,soon found making power
1,fortnite save world gameplay
1,cant play game
1,dennis jr survivability
1,new outlander idea concept
1,afk game epic system afk leave
1,people penalized sick player
1,progress questline claim reward doe nothing manually press intro hear quest briefing dialogue
1,people skip story line
1,mobile option manage stw locker stuff
1,forgive u mistake
1,last person receive
1,added ned meme game
1,doe rockin riff reset every kill
1,save world come
1,best way contact epic report
1,rosie ha lost shooting animation
1,totally rockin stalwart squire build
1,shell n slug separate ammo type
1,think fortnite seizure moment
1,cloud border zone used actually look like cloud
1,glad finally use stw pickax br wish axehammer wa legendary like twine peak
1,nip bud regarding twine ssds spawning information available
1,anyone else trouble loading game
1,long road home
1,happy noise
1,propane husk ever fixed
1,neverending mission
1,steel icarus glitched plankerton main quest
1,siege homebase stw challenge level like zombie endurance
1,megabase kyle
1,almost month finally saudi arabia
1,say third time charm
1,still thought automatically cashed end event
1,epic pleaseee fix bug stw
1,sand strome
1,people pretty happy fortnite
1,pose power
1,way quick level schematic hero survivor
1,psa helping ssd least build properly
1,anti material charge bug
1,nobody talking new hero someone coming carbide omega could black knight
1,fortnite look better
1,hit road pl tier zone step right direction
1,update stored llama wa holding gone hoping bug
1,new update new bug
1,hero reskins list
1,awful building trap tunnel
1,suggestion add glider stw launch pad
1,question game still tagged early access
1,free unslotting
1,peak
1,would choose banner want
1,second try unfortunately husk scared
1,bug enjoyed far
1,game keep freezing
1,drift hero concept hope get added season
1,daily llama
1,wow im disappointed epic game
1,someone explain number achieved im obviously aware better possible many manual im double digit usually time cause fast use
1,endgame player play oce
1,duel weild weapon
1,edit delay stw
1,got today
1,hypocricy man oh man end afk wargames ha brought something good
1,save ticket
1,error
1,early endurance leave reward
1,need map
1,going get update lose get back trap building material people leave especially impossible high twine
1,today learned turn grass new legit never noticed option
1,know said clipping could outlander glove taken unless queueing lobby
1,mission alert vbucks utc
1,thanks fun season move war game wa awesome many great addition game one fave protea far gosh love game much
1,emotes boom stw
1,constructor base
1,horrible teaser made
1,save world ha many bug beach amp lava bomb bug
1,spectral weapon
1,noooooo happened
1,beggar thinking main thing stw vbucks trading jacko nocturno greave digger best gun game
1,made mini castle storm died
1,everyone join outlander play constructor whats meta
1,love piano
1,got pin today india mumbai stay positive peep get pin soon pepehands
1,group finder thursday weekly lfg thread
1,husk hit base stand comment
1,feel real good back
1,wa six foot damage resistance removed
1,wtf get message whenever play even using vpn cheating sort
1,search name
1,twine ssd gone
1,season hint
1,name missing
1,doe azeala clark cyberclops perk affect thunder thora heavy base kyles ability
1,wargames match four modifier husk swarm double trouble rolling fog meltdown
1,chance raven carbide cloaked star
1,year llama freebie add magyst said update note free year llama
1,state twine peak
1,playing hero loadout hear weird laughing noise use mini gun anyone know
1,ssd storage ui
1,weapon get
1,proud able run around br best banner ever
1,mission alert utc
1,birthday llama later idea would epic post grind
1,sir hootie back swarm backpack
1,constructor main weapon use
1,psa expecting mentioned patch note stw already sale xbox right
1,mentor monday ask question
1,finally pl still feel like noob
1,influx br player posting
1,evacuate shelter problem
1,doe ramirez skin neck look
1,made photo post instead
1,fourth time ha happened
1,kept respawning underground
1,hurt
1,highly skilled player common statistically
1,mist monster lobber behavior
1,boy nobody play stw server high epic pls fix
1,zenith build
1,dear epic finally need system place upgrade crafting material higher tier convert crafting material another
1,fridge door husk removed reworked
1,friend blocked path flingers husky husk decided destroy wall ramp flingers went around pit amp throw thing reason amp low flingers die lava reason
1,playable husk
1,think health could go
1,part day summer event
1,time play guess booty
1,watch end
1,first time see happen xd
1,using autofill survivor squad bad thing
1,finally max lvl say want today mission rotation wa amazing got
1,aah yes favourite wargame
1,rain farming
1,noticed lot people posting lot fix recently stw mine
1,original oc content
1,blastotron useful specifically zenith
1,final wa hardest mission done game
1,made cresent kick build suggestion make better better appreciated wrong flair
1,mrw get enough legendary flux unlock mega kyle
1,epic game please something leechers full team afk nothing contribute mission sitting defending objective level mission one guy arrived end get loot amp another guy left
1,game lag someone join game
1,freebie today
1,trap building health doe work leaving rejoining ssd
1,reward founder br
1,day summer start tommorow
1,guy complaining evo mat even get free
1,bull rush keep failing
1,wonder would happen converted jail build death row build giggle
1,sacrifice required mission start
1,street light opened portal another dimension
1,obliterator heard got nerf big change usually give defender wan na destroy wall fast reset
1,well least honest much damage doe
1,idea duel wield weapon
1,lost connection wa weird
1,group finder thursday weekly lfg thread
1,bear power
1,epic actually fixing save world
1,ninja azalea
1,guess found stark trek teletransporter scotty xd
1,fps console
1,krampus smasher back
1,bug twine ssd wargames endurance keep crashing replicated game since twice row wave endurance
1,please hire system engineer
1,fyi fluxxing epic gammatron broken right
1,please bring back old transition animation lobby new one look like wa created movie maker
1,disconnected lobby
1,much fun horde rush br suggestion something similar stw
1,finish stonewood ssds extra mat
1,suggestion eliminate trading
1,people stupid
1,another form jail build rtd info comment
1,finally finished solo almost lost last second
1,bullet storm new
1,epic prioritize bug fix
1,jail build guide ha picture
1,anybody else receiving people reward rescue survivor mission
1,edit floor terrain ramp make float
1,trap menu bug
1,mentor monday ask question
1,using personality
1,atlas securely protect one ended winning secure inside big box
1,defend homebase
1,finished twine thanks everyone helped
1,man
1,storm spawning right next abyss use wall launcher really effective
1,much gold need buy everything roadmap weekly legendary flux
1,perfect shot credit taking screenshot
1,well phase shift back throwing sky like slingshot would
1,realized upgrade survivor get higher pl
1,doe rosie overheat timer increased line br
1,new tar pit floor trap fixed fire element
1,wonderful update epic well done
1,mission alert vbucks utc
1,pin arriving finally spain
1,day straight grinding rngsus ha finally blessed pl
1,farmer archeolos toxic
1,ca fully see message mission
1,shotgun headgames clay pigeon
1,wondering doe anyone like going commando
1,played forever trying get back lost
1,anyone else experiencing application hang
1,end
1,unwanted military item getting
1,mentor monday ask question
1,reload time shotgun
1,get exclusive fortnite anniversary
1,pl people allowed pl mission
1,loaded wargame mission wa rift space rock simulation time
1,even worth vbucks
1,finally almost
1,
1,good build
1,goin coconut
1,mandatory skill test prevent unknowing player ruining game
1,around mini llama decided open clicking macro open afk lol
1,stw everybody matched anyone month
1,hexed challenge broken
1,doe anyone know military weapon researchable leave
1,cool idea constructor
1,thought chad solve issue
1,story far save world
1,understand epic order importance
1,long military llama staying
1,please give u random evolution material twine wargames
1,question plankerton war game reward
1,coconut supply drop
1,low time cheat spawn rate
1,everyone wargames privately one playing
1,phase shift
1,epic plz wednesday
1,wa checking trap found one anyone know
1,see bot saw wall clue
1,hey epic game last time released game
1,teacher tuesday ask question
1,end may yet receive storm king pin
1,played month loadout still voucher
1,item reset could someone please explain effect casual player stw
1,cant build destroy build shoot place trap edit stw mission please help upgrade build reset edits
1,drop rate perk cache low forgot thing
1,get tier stuff high twine
1,good melee loadout missing
1,mission alert utc
1,mission alert utc
1,absolutely tired glitch happens every time switch character queuing storm king farming
1,showcase weapon
1,shelter home
1,psa husk level wargames
1,personal strategy stop hoping flair correct think
1,might aswell take break
1,wargames assist
1,rip solo player season
1,appreciate epic amazing writing tale beyond
1,torn apart destroys trap
1,new player theory funneling
1,finished twine peak ssd solo day patch
1,need explanation
1,epic new player verge quitting ever going mention well documented issue regarding
1,one question regarding twine update
1,going new event upcoming update
1,almost season finally canny
1,light typewriter unvaulted mode schematic return store save world
1,mission alert utc
1,take moment appreciate cool original post
1,well thats nice
1,colection book gun choice
1,kid wa begging understand beg
1,available mission complete twine questline
1,remove set every hud setting still
1,mission alert vbucks utc
1,taker used behave
1,haha funny
1,hero quest upcoming missing tab
1,date list best perk trap
1,till afk kicked nice system love new level mission
1,global chat back
1,remove research point cap
1,well guy start twine peak wait quest line come couple year
1,thought mission
1,transforming returning manual say transform menu
1,apparently player mission player mission
1,bug wa really hard decision
1,dude wa maximum
1,twine peak evolution perk reward scaling
1,give u option convert gold
1,twine reward nerfed problem
1,somehow killed miniboss character went invisible
1,wtf going twine first higher pl husk reward done reward cooldowns checked party bc sun map new level epic really want chase away player base suck
1,base design
1,feeling join
1,every damn day
1,pirate llama epic swashbuckler keelhaul
1,epic buff bang pow boomstick perk support slot
1,ca play stw anymore
1,finally day anything lol
1,choosing hero ability commander loadout
1,afk system working great
1,fps drop
1,stw still working
1,think time say farewell
1,goodbye stw
1,yo epic give u locker u want
1,afk
1,know another bug post
1,make want locker even
1,one satisfying thing game
1,epic plz
1,workaround bug join mission
1,ha tone stw changed wa first released
1,storm shield one safe
1,general status game right
1,mission alert vbucks utc
1,head season military set return
1,want
1,mission alert utc
1,alright build
1,make battle royale required download save world ha purchased
1,mission alert utc
1,got ticket v buck gold upgrade llama complaining xd
1,think closest thing swear
1,mission alert utc
1,incoming rant please beware
1,epic devs lord magyst question repost
1,pin came mail today really cool actually
1,beggar trader
1,mission alert utc
1,ok kid time play spot bug
1,epic plz wednesday
1,perk stalwart squire suggestion perk swap good setup
1,possibility different flair
1,ramirez
1,let talk reward alert
1,mission alert utc
1,let chill take scenery music
1,weapon slot need slot
1,result exploding deathbursts
1,social service maintenance starting today et
1,
1,laugh every time see social medium like fortnite news page even know stw
1,melee build constructor replying comment addition could add build
1,know lot ask
1,soldier ability work take away gun
1,try avoid player game
1,salty sunday weekly rage thread
1,like new style
1,played game year never seen perk
1,article new meme format
1,new outlander
1,blackbeard jason mantzoukas
1,nice treasure hunt
1,
1,failed beta storm mission repeatedly cause mushroom
1,game unplayable
1,visual glitch right
1,llama changed super people update fyi
1,love storm gone
1,epic fortnite survey ignores possible input event llama store
1,default hero loadouts
1,music gone
1,nerf ninja ha increased radius smoke bomb perk
1,lap teamate afk ignoring objective teamates
1,trying mission plankerton ask farmer help objective
1,blesses close checkpoint
1,enhanced demolition
1,pirate constructor
1,spawn spread like suppose like epic please fix
1,go get help
1,satisfying click stw
1,love monsoon pistol laying hammer smasher
1,gon na kill mist monster tonight
1,repair shelter possible solo
1,daily scouting rural mission doe count lakeside biome
1,using spectral blade ia really effective dodging storm king blast quick tip
1,hero loadout slot
1,overtaker hiro perk kunai collection broken doe function really strangely
1,wa day today certain group mission
1,everybody ha unlocked mission perfect one since xp evo mat ratio bad
1,feel like shotgunning crowd husk
1,mission alert utc
1,
1,shotting ssd structure others
1,new beta storm test limit bring teleport along
1,two important item patch note
1,true
1,look familiar
1,really like skin decided make hero sorry unbalanced bad first hero concept posted
1,boy
1,would push husk back
1,experimented make console run faster
1,fortnite stw gadget switching bug
1,onslaught direct upgrade shock trooper
1,nice spot see bot
1,bug throwing frag lynx hit invisible wall hitbox
1,seebot see
1,insane bug worried wo get fixed never heard anyone else
1,getting patch mist monster moving u around
1,false advertising get carbide hero quest
1,ssd q ridiculous
1,pickaxe level
1,wa really enjoying shockwave build much made video think today update changed cooldown something reasonable suck still think viable loadout consistent
1,blast duct tape
1,twine idea
1,fun police
1,husk mist monster take fall damage anymore thrown air floor launcher
1,xp boost
1,yeah normal
1,supercharged trap trap vulerable walk trap tunnel
1,new roadmap
1,thing mode v
1,hero review fun build true american hero star spangled headhunter
1,mission alert utc
1,llama stay shop hour
1,somehow spawned tutorial pickaxe twine ssd
1,realize ninja fly
1,wa vindertech blaster added base llama rest set
1,leveling thing collection book another bug emerges
1,apparently infintely jump spectral blade
1,defender returning weapon match
1,pefect defence doesnt
1,tier chest possible beta storm
1,emotes
1,interesting
1,heavy attack way victory tank penny
1,invisible wall
1,ice king discovered inner ice queen
1,currently phase shifting around nuking everything around
1,loadout slot needed play variation
1,let thank epic stw team amazing loot
1,new hero update got new perk character lol
1,free winter llama gave vacuum tube weapon
1,excited twine peak
1,let hope actually come soon
1,hmmmmm new hero fallen love ranger jonsey
1,player look saved daily coin
1,protip decide experiment hero
1,total number different legendary hero
1,hot take fortnite afk issue rant proposed solution
1,mission alert utc
1,losing certain tactical perk
1,hero rework commander perk
1,hero write could take long evening like last dev roadmap best think distract
1,canny valley mission still quest
1,drew almighty jonesy tell improve next time
1,point physical weapon
1,seen lot castle recently mine
1,guess made canny
1,difficulty getting around rift
1,get legendary flux
1,resetting save world progress reason given
1,way set notification whenever mission rewarding survivor
1,amc delay
1,maxed trap http
1,emote excited use save world
1,ca change hero load since account merge give
1,nothing really fun
1,oh
1,game graphic quality pro
1,xbox unplayable
1,new system brigade system make group people may join brigade system provides also special daily quest bonus shop warehouse reward thing depending grade
1,able use ability weapon driftboard special movement option like phase shifting melee secondary attack kick u also let u kickflip lol
1,counting day sure
1,floor launcher deal fall damage husk anymore
1,rip well tried think deleted thanks support tho everyone
1,lars playable character
1,fuming spinning afk guy never got kicked new system broken
1,unplayable lag
1,friendly reminder small percentage player literally unable play game dud infinite loading screen bug
1,trap wheel bug pc
1,lunar llama added stw file credit sso
1,upgrade wraith obsidian accidentally
1,thought game right
1,ok level epic survivor
1,new trap dont know perk best
1,always wanted
1,pistol build invest want play ranger every rio ranger dead eye
1,teach player handle mini boss
1,epic enough legendary perk ups
1,combo
1,event
1,benefit buying stw season begin
1,hero laser trooper spitfire
1,say tortured like year
1,good loot
1,remove crafting time
1,redux hero need reskins
1,curious come unlock ability use outlander ninja first skill tree beginning
1,ray ever get new dialogue
1,new gadget idea dragon
1,first br vbucks stw gt br
1,sniper focused hero
1,able evolve weapon malachite access area em
1,well
1,mini bos spawning late
1,people still ask play randoms well answer
1,anyone wondering better dp use berserker support sergeant
1,discussion bowler
1,really charge fragment
1,shock wave war cry specialist
1,need help get rid
1,enforcer grizzly
1,little experiment
1,guy ha green pickaxe
1,tip people leave mission
1,best support bonus ranger deadeye
1,think locking vbucks earned stw would help w br people joining playing objective
1,suggestion rework daily coin section event store
1,bug machinist supercharged trap make obsolete
1,daily llama
1,removal weapon chat created private group
1,doe shuriken master support work explosive assassin ken perk assassination discharge know different thing ability people said worked
1,mark safe post amp discussion eastern u hurricane florence
1,psa ultimate tip stw player simple point
1,doe mean still get reward
1,request lama fragment change
1,grappler gadget
1,think best stormblade reaper scythe game
1,epic brawler luna lvl ride lightning
1,ridicilous
1,suggestion get rid evolution path bollock let u craft weapon material
1,frustrated
1,help invisible kid game lobby ca remove
1,possible stand geyser twine peak
1,idiot horde mode
1,reward bug still active
1,thanks contacting support useless bot reply
1,still send due problem epic side
1,shadowshard pl friend dropped possible
1,hey guy im kind new save world recently got legendary duelist good
1,daily llama
1,patch fixed game
1,frozen loading screen update
1,neat bug fix epic still ca play game
1,reperk twine next hour
1,ha epic done kid
1,good roll
1,new game mode idea
1,smorgasbord llama give mythic lead
1,wa free upgrade llama today serious yes believe either
1,add creepy mode
1,shredder available canny right
1,know thing yet make player take material one placed get annoying build whole structure douche decides take mat get return making go broke
1,adult beverage two think may impotant question ever
1,think would simple fix taxying carrying low level player high pl zone
1,emotes save world pls smileyface
1,
1,tactical bonus goin commando
1,game crash midway literally every mission
1,originally made mode guy think could useful stw go
1,soldier running around trap tunnel
1,machinist harper heavy base kyle
1,tomato trooper jonesy
1,changing weapon bug fixed yet
1,training manual
1,personal xp boost work
1,praise loot
1,beat
1,team troller
1,made pixel art
1,tire trap interesting fun one watch one useless one need buff
1,please trap
1,stw asia server
1,plankerton higher day small chance getting daily reward replace one
1,horde look like urf lol
1,outlander fragment bug permanently reducing cool also increasing shock tower duration
1,mod remove thread talking wa unrightfully banned epic system wrongfully thought wa fraudulent transaction account played judge executioner
1,counted crashed menu screen time past two week
1,perk change
1,loading screen min friend already completed mission im stil loading happening couldnt mission today plz fix xbox
1,quick reminder epic
1,almost canny
1,harvester sarah pls
1,yall ever notice new mythic survivor people fortnite
1,fifteen
1,ha obliterator buggy aim fixed
1,ever since patch happens
1,godroll legacy red feel good sid
1,got deathray really early wa wondering good
1,keen eye longer working
1,reverted change
1,striker ac obtainable llama wa event
1,email diana regarding schematic swap false
1,anybody else getting try login
1,report someone done dooped
1,thought new blunderbuss flintlock ar comparison super shredder
1,subreddit new reddit user post br post
1,lowbie problem
1,perk change favorite shotty
1,longer look worse get
1,player idling box
1,finding shadowshard twine
1,crater
1,properly dispose afkers
1,whag bar side thing also thing
1,find joel pub
1,best sword game right term damage attack speed
1,founder revolt rarity
1,efficient way get fiberous herb
1,good support tactical machinist
1,hero investing xp
1,bought super people llama hoping get mythic lead
1,anything worth upgrading smartest fortnite player sorry bad quality
1,running man game freeze dance
1,best weapon trap pre perk
1,everyone epic game asked planning fix server
1,light speed customer service
1,makin quit fortnite go stw psh yeah okay
1,good weapon good
1,epic add instant chat timeouts global founder team chat
1,gather shielder data glitch picking day made progress stuck new bug
1,walloper pull map targeted enemy flung launcher
1,weekly challenge horde give enough gold
1,epic something bot spamming global chat scam
1,rant quiting fortnite stw till developer get thing order
1,machinist thora
1,gold worth buying
1,oh discovered discord
1,anything change buzzcut
1,ca report chat
1,wheres stw dance
1,future fortnite concept
1,fortnite stw music
1,fortnite content creator
1,get stabilitypatch please
1,oh
1,grave broken
1,anyone else receiving mission reward
1,im supposed hip fire without hip dragon scorch
1,thought dupe glitch
1,finally encountered reward bug
1,eta state development
1,husk traped syphon
1,bot spamming appeared xbox today
1,please fix game breaking bug progress storyline
1,daily llama
1,epic may suggest chat timeout
1,unused ammo lost defender mission completes
1,mission bugged deploy bomb armory
1,time start revolution
1,sneak peak update
1,epic
1,solution taxiing
1,calm
1,field view option setting
1,psa dont spend event ticket last day event
1,bug deliver bomb plankerton level ca deploy bomb armory
1,state horde xbox one good
1,repeatedly getting kick game xbox lost item
1,bday llama reward request
1,imagine
1,ready upgrade llama
1,psa deflect propane mid air melee weapon
1,desperate find full version piano soundtrack save world
1,best pistol game
1,okay mission despite underlevled lvls
1,one
1,people one big scam blowing global smh
1,people help throwing challenge horde
1,anywhere compile common build defense currently done game would love share build rtl rtd dtb etc
1,get weapon want birthday lama
1,apparantly need die
1,increase power
1,hero melee bonus better critical rating critical damage
1,level next
1,pick
1,better source herb
1,quest bugged progress mission ha happened anyone else
1,one worse blaster v lobbers
1,new stw player question
1,hope lucky mission
1,shot jess bear radius
1,save world wild west challenge horde
1,uah assault rifle choice
1,every game play happens mouse ca anything wait exit
1,game row late canny asked somebody play objective gotten response
1,thing u noobies look item hero survivor etc may overlook item legendary
1,new game got schematic copper super shredder use
1,diecast jonsey shuriken master llamurai
1,heard ssd rushing want one guy please give tip close power gap later part game progress
1,anyone else notice smasher foot chained together
1,way access storm shield land
1,using transformation
1,realizing implication syd
1,need better feature
1,easiest fix fortnite devs deal level gap low level player matched high level player canny twine
1,guard city
1,legendary support defender idea
1,please explained allowed mission
1,ca flux founder weapon raptor one limited weapon
1,demolitionist bull worth investing
1,new player one level craft
1,br clickbaiters migrating instagram
1,whats stw player looking br player
1,striker anti material charge glitch
1,really important question
1,quest reward etc hero come free armory slot since ca recycle
1,level play skulltrooper dragon scorch thank
1,complain horde bash event
1,group finder friday weekly lfg thread
1,plan dumping mat best perk sword love playing sword want god sword upgraded get need suggestion
1,guy want one thing fucking disgusting
1,journal entry day hope fading fear end may soon
1,ummm xd wa interesting
1,think officially done fortnite story
1,raider headhunter good
1,gdc fortnite unconventional launch
1,new super stash
1,dupe
1,report birthday llama give dupe
1,canyon new desert area pretty cool
1,back xbox least
1,chose second floor launcher chance better perk game wa
1,leave abandon match party
1,homebase hub world
1,nsfw could get banned building home base
1,animation story
1,love game much better br
1,obsidian gt shadowshard change option
1,best way get reperk
1,switching pve pvp cause game crash
1,hell level making level mission
1,qol improvement epic add
1,day soon one year game
1,battleye launcher blocking led integration keyboard
1,found desert twine peak
1,sub class birthday brigade ramirez
1,good save world guide
1,best beginner guide
1,get big lava lake twine using banner
1,ssd better horror game
1,whole website ad spam bot pve stw chat need stop
1,bought save world tip
1,pro con
1,know lot ask
1,anyone else gon na grab fe tomorrow
1,damaged drone still part game
1,bug new event shotgun dragoon doe half damage pic proof
1,got car accident og player playing day im sad miss anniversary gun weekly store
1,let talk storm chest
1,almost day horde bash
1,icon llama mean free llama available switch loot tab say habe unopened llama icon
1,build selection remembered pc
1,sga dont go horde mode randoms
1,challenge horde completing
1,telling complete challenge challenge horde page complete one already completed mission btw
1,unlocking challenge
1,problem outlander
1,literally
1,challenge horde
1,double shotgun showdown old busted thunderbolt v new hotness dragoon
1,horde bash review first look
1,thanks balance
1,cmv teddy buffed drone nerfed
1,doe patch get hand
1,idea change system
1,know much ask report global chat
1,info cost evolving survivor star
1,anywhere find dialogue past event
1,suggestion hey epic xp boost ca use
1,miss somthing daily lama
1,hell noise
1,special force banshee
1,opinion hand best assault rifle use solider
1,would nice able stack loot llama
1,please epic let u finally event weapon let u try weapon mission upgrade
1,epic please stop allowing
1,dear epic new scythe please
1,deserve
1,sound
1,stw go free
1,going well
1,like see wake
1,popped think good thing
1,aidan harris
1,together daily quest bugged
1,wan na thanks epic
1,dude canny valley
1,almost hour without mission need
1,br simulted dome stw hunger game style
1,tank minibosses weakness
1,constructor recycling perk concept
1,easy stonewood amplifier design
1,grave digger roll
1,drop rain let know
1,take
1,tip meteoric fall blockbuster part quest
1,req ray wallpaper
1,scientist harvard university datamined model second new husk going look like thought
1,fortnite tweet comment section annoying global chat
1,new clipped today lv stonewood vbuck mission sprayed miniboss ease realize wa downed dead see evolving
1,precious eye
1,tweet official fortnite account
1,tier item happened could mean
1,friend bored private mission make hoverboard racecourse
1,need survivor rescued mission stats
1,best weapon every catagory
1,account hacked email changed long doe take epic respond
1,keep upgrade new room sweeper collection book go
1,lady fortnite stw
1,system craft mythics
1,know emotes important getting rid eta
1,deal
1,excited upcoming update
1,seems like level gating wo changed anytime soon
1,horde bash inbound
1,quest need collect invisible ball something
1,path
1,canny
1,fixed
1,constructor demolitionist demo epic please give guy unique perk
1,increase fibrous herb resource
1,reduce time needed get kicked game minute minute mission completed yet
1,bug laser boy wa hidden underground
1,going stw blockbuster part
1,reporting player
1,one day best solution
1,wow didnt thought could go expectation pl survivor expedition
1,one llama
1,mythic cloaked star ninja
1,moded schematic
1,reworking expedition
1,one day
1,trap matchmaking
1,one type thanks chat ray say repair shelter mission
1,bug report player got game
1,ha anything confirmed husk path
1,stw thing
1,best shell n slug gun use dp
1,trap ammo afk
1,maybe stupid question doe afk mean
1,sub right
1,simple way make zone past stonewood different
1,allow u craft item like impulse
1,chrome husk
1,played like industrial zone mission found one
1,ever get endgame game mode survive storm come back
1,console ever get
1,quad launcher ha attack speed perk
1,server back
1,global chat appears twice stw also show br
1,exactly desperately waiting report feature thank advance epic
1,think rebel u p
1,desperately trying push canny
1,obsidian
1,never life ever felt betrayed
1,please people like man banned already smokingbongallda
1,ban work game
1,evolving fly
1,ninja party
1,stuck loading screen randomly
1,radar tower morse code
1,wow dennis ok
1,something seriously wrong automoderator
1,report system
1,hope
1,suggestion stop low lvl farming
1,best way get training manual
1,whoever claim useless ride lightning base buildt time
1,seriously need ad sensitivity already especially console
1,done
1,idea mimic
1,new sympathetic emo tp leecher
1,new
1,truck stash
1,early extraction encampment saving survivor
1,bought vbucks go away
1,voice chat broken anyone else
1,break anomaly mission canny
1,like think charitable donation epic
1,group finder friday weekly lfg thread
1,suggestion solo private people epic
1,ranger deadeye loadout
1,psa loot chest screen freeze press escape
1,builder pro stw
1,get loading screen every time load stw
1,
1,anyone else get insane fps drop latest patch
1,place bet two think new tiger assault rifle released stw event stormshield datamined predator br famas
1,psa super shredder activate headshot row dmg perk single headshot
1,fix hitching occurs game ha running minute
1,gold triple lama give two legendary
1,got ta love leechers pl mission pl fought hard pl wa afk entire game wa disconected
1,ze people spoken
1,physical better energy vice versa please halp
1,think epic actually anything
1,raid idea
1,new buy wall dynamo shop
1,mini guide sixth perk
1,long post alert new pvpve gamemode idea fort defense
1,charge back fraud purchase get banned wait month never knowing get email ultimatum suite
1,noticed already elemental mutant storm modifier
1,new gamemode suggestion raid mission team pvp defense
1,actually unplayable
1,damn wish could transform obsidian shadowshard
0,opinion house
0,large farm made
0,villager giving mixed signal
0,feel like inside somekind horror game
0,made star destroyer credit
0,appreciate villager upgrade home
0,ahh yes sweet smell furnace morning
0,anger level
0,bedrock edition redirect redstone dust l shape power adjacent block
0,thought mansion building tip got let know got picture side aswell someone want see
0,flying around creative mode flew past wa loaded teleported somewhere ocean absolutely broken xd
0,fly without elytron
0,new world built house found block away finished wa going use seed remember actually seed might
0,built nice little house interior yet detail
0,inspiration saw peeper made decided try build sea emperor head already massive continue constructive criticism welcome
0,doe look good
0,chunk
0,hell chat bedrock
0,tried save first time seeing bee game
0,disaster waiting happen
0,minecraft bugrock edition
0,magical sword
0,floating rail
0,villager breeder work ecstatic
0,mob farm working bedrock
0,better check desc
0,come man want looting enchantment
0,villager got tired og sleeping bed
0,villager used farmer change change back farmer
0,gamer spotted protest time square
0,world working past month excited see mold better city future also looking feedback suggestion
0,rocket shop smp realm
0,video
0,cool design thanks thought
0,first time spotted fox
0,bow arrow piston door
0,first minecraft world wa played finally recovered world
0,ntwit villager wo change profession help
0,doe anyone else get screen shaking bug
0,new build projeckt started roday
0,mandalorian texture pack update
0,villager randomly turned armorer revert
0,made texture pack make chainmill armor png background
0,wips city
0,making new home roof
0,block jump time mobile
0,friend decided break game look position
0,mob ai acting stupid block area
0,normal day
0,made star destroyer top city friend built
0,beacon thunder game day credit truly bedrock realm
0,designed nether hub
0,made luke house tatooine inspired
0,suggestion add building
0,made time lapse experiment actually looked pretty decent
0,wanted play wanted loved
0,chest trying make toolsmith unlock trade
0,suggestion could jazz common area looking plain want really make like city center
0,anyone help get splash text back
0,killed enderman hot extra heart new feature
0,brown cow ive never one spawn wonder grown
0,small park made city inspiration youtube
0,made little smoker know nice looking
0,making texture pack made start feedback aware texture line fix
0,new underground villager trading hall complete multi storey storage room survival
0,got rid leaf big tree
0,crazy skeleton
0,desert abandon village started seed
0,found get string cobweb anyone else know
0,yippe
0,mhm mhm
0,small hobbit hut
0,building star destroyer guy think back look okay
0,created smooth water command block
0,found glitch bedrock climbing ladder effect leave open effect menu continue climb ladder without even holding button
0,style house build
0,java edition player problem redeeming free window code java edition purchased end october mojang aware promising fix
0,far land beautiful place
0,making custom resource pack horror map
0,unluckiest person minecraft
0,dang
0,found zombie village creative mode rare
0,think hotel personally love shape
0,hoe
0,guy think
0,skyblock mob spawner slime chunk odds
0,dining room table first ever interior house year building
0,approximately six month
0,simple redstone clock idea
0,think found glitch
0,probably move holding pen baby villager away villager breeder
0,wa messing around minecarts today
0,got new monitor pc xmas started happening minecraft idea
0,stand built dragon egg suggestion improvement
0,glimpse new work city collingwood please tell think
0,guy dezombified never hurt give higher price book usual wtf
0,bug built
0,got ender dragon land nothing blew landing spot
0,system servant hall
0,painted think look pretty good
0,sky view village ignore unfinished blacksmith right took completing
0,sunset beach
0,made mandalorian baby yoda minecraft using armor stand hope like
0,uk squad
0,concept although drawing suck bluetooth redstone went block
0,new hardcore base
0,sheep guard door
0,need idea survival base
0,update austrailian prison currently unable redstone supposed open floor staircase appears jts bit hassle
0,got bored turned bat bee
0,flying dutchman
0,wow shaders sooo realistic
0,nice
0,updated happened
0,updated world happened
0,anybody
0,always forget stunningly beautiful game sometimes
0,something unsatisfying clearing nice perfect square sky shit gravel
0,drawn online friend minecraft house background
0,got chosen tester
0,internet say ha chance spawn
0,lot smoke
0,dare
0,ancient rome minecraft trailer rom antiquae
0,built treehouse
0,sweden minecraft piano messed little end ya go
0,small study desk
0,taking parrot great idea
0,simple super reliable water elevator mob post aquatic update
0,like diamond crush
0,dug straight time recorded result
0,secret bedrock badlands feature
0,getting along bedwars
0,someone please explain villager disappeared thin air
0,happened friend joined world
0,screenshot realm
0,app stole
0,friend made rap song science thought share
0,lighting trident look look like
0,guy think house design
0,build look like feedback last post
0,took battle tower friend rlcraft went
0,oriental village
0,
0,guess got image
0,cool lord ring build
0,found abandon village way end portal bedrock
0,old trafford megabuild feel free check link comment enjoy
0,make villager bebe
0,wa proud
0,sad golem
0,beautiful landscape know shaders like look
0,moment lose lovely diamond pickaxe stack diamond precious level
0,
0,downloaded resource pack
0,work progress tip
0,need help getting texture pack working sure love chroma hill pack would love use help appreciated
0,spruce transitioning jungle look pretty cool
0,hello want make small surround mansion look something like idea
0,big build main end island
0,start new survival world said fun said
0,way make custom mini biome custom grass texture
0,let check sheep
0,mom found rare pink sheep wild
0,somehow landing multiple single neos
0,survival bridge
0,first mountain top castle bedrock le month feeling quite chuffed enjoy
0,fix
0,wat
0,accidentally added curse binding minecraft bedrock bug please fix
0,old end portal starfield effect
0,built billboard friend
0,village spawned near ha cutout tower
0,finished survival base private server suggetions add
0,friend town week building
0,first project building world started fun
0,wasnt first started world got second time
0,loading screen frozen ha never happened except last day anything crash ha anyone similar problem fix
0,minecraft poster
0,pleasant hour work farm work intended
0,two month work server gone main base unloaded
0,found naturally generated double chest dungeon break spawner wa annoying
0,bruh help escape idea pls
0,still alive
0,new update come new bug
0,hell
0,created survival world think spawned next four village
0,need help enderman farm endermite minecart know endermen chasing help would appreciated
0,little area made
0,day nnn homie pull lookin like
0,guy like new survival base planning building spaceship middle take
0,need cave cave
0,made texture pack improves spawn egg
0,nice
0,need build roof material use thing birch wood
0,progress hour building creative world couple build behind camera profile ehmm else say idk support
0,appropriate song biome
0,natural
0,found long boy survival word bedrock edition
0,okay
0,found little end city survival world
0,trident farm working wa afk minute drowneds came used ilmango portal trident farm
0,many ender dragon sorry bad quality
0,try open minecraft launcher stay blank screen window
0,thinking minecraft design world generation
0,mini camp
0,know fling mob air using fishing rod
0,another starter base idea snowy biome
0,even
0,cake day built cake also day reddit
0,getting lot recently get wrong useful sometimes doe tend freeze game connection
0,stack battery life
0,updated photo city friend working
0,name tag craftable
0,wither family reunion
0,got bored made rich block thing minecraft
0,awesome build seen hope like mine
0,sister cake
0,awesome build shame build anything like build thought post minecraft build show creative people
0,minute ago left year old minecraft world epic ending picture villian story exploded world wa mcpe
0,always build random block make interesting tower statue thing
0,step creating rustic house
0,got changing splash text rare
0,minecraft update xbox ha new glitch
0,cleared inventory removed base fully stored stuff new base look like
0,since played minecraft pc long story shot wont launch help
0,granite emerald take deal good sir
0,cat constantly looking reason
0,ha disaster far
0,guy arguing nether portal full corner made trigger
0,made new watch tower thought
0,attention mojang
0,updated field view stadium
0,found long illager tower sorry quality
0,tried hand nether portal stuff pretty bad good practice guess
0,muddy pig best
0,structure block work bedrock
0,many broken texture favorite far look shocked face
0,dont think wa meant happen
0,broke minecraft
0,built one like year shaders
0,honey best block
0,helped brother school project final product presenting monday
0,like see
0,suggestion tree house village
0,skeleton centaur
0,big brain time baby villager glitch
0,fox spawn naturally bedrock went looking fox realize experimental gameplay even spawn naturally doe anyone know spawn naturally non experimental world
0,anyone know
0,sorry bad quality pic fix face btw trying make steve
0,made master piece
0,found abandon village ended end portal
0,first fossil sitting falling
0,currently transforming woodland mansion college
0,kind house build
0,brother world sorry bad video
0,way get ocelot stop spawning maintaining grass
0,character bugged
0,lot free time
0,zero ticking plant could cool wallpaper
0,friend wanted settled
0,second tower made made four flour fox brown mooshrums panda dolphin turtle tropical fish
0,long headed boi
0,stone turn stone stonecutter
0,volkshalle built ago
0,cajun craft
0,first time trying conquer dragon found stronghold ravine doe happen often thought cool
0,minecraft look amazing shaders
0,enderman plush turned different color dust gathered standing next window sun
0,deadly combination
0,wtf ha happened game
0,built chalet tried make accurate possible thought
0,huge missile world record
0,cabin life mystic pick pack seus ptgi
0,make one block tall base bedrock sorry bad quality recorded phone
0,thing pig get bugged block
0,made fallen one
0,long sunflower
0,seed bedrock good seed endgame
0,beacon
0,add bedrock
0,infinity bow sprite concept
0,decided make odd reason sword okay think uneven
0,took designed new village guy
0,slowly fixing
0,part build
0,got bored
0,way recreate much bigger waterwall underwater without using want switch block update water start flowing know google
0,
0,original wanted spread cause cool original comment
0,kelp farm
0,design going mob grinder
0,drawing based minecraft bee oc
0,friend got wither skeleton skull without looting survival world
0,elusive swear mojang officially made one point disappeared face earth gold foam sword
0,screenshot background
0,got two one stoked found baby wa trying get one boat lead swimming get home make another boat got one wa leading home grew boat got home thought wa screwed tadah
0,end portal underwater
0,trying reupload world bedrock realm change setting screen half hour advice
0,look closely enough find appears several mineshaft colliding cave spider spawner swear wa killing spider good minute wa able snap pic
0,speed sorry bad quality
0,doe mean fix download addons
0,realm crashing losing progress bedrock
0,futuristic christian church inside
0,bit late first pumpkin wanted carve game introduced world gaming
0,redstone clock made idk someone ha alredy made go
0,anyone got idea make back house look le
0,possible place block voi
0,working
0,new xbox one update glass turning solid certain distance away way turn feature
0,opinion block swapper
0,rare found end city one kid think found something never seen curious
0,weird glitch go away watch video took see
0,playing minecraft crt
0,thing never hurt animal
0,anyone clue master villager could disappear
0,say pillager coming
0,pixeleffekte block mind wa usual minecraft block german called dekoblock think make mob spawned anyone remembers block know
0,wa playing minecraft see enderman water chillin
0,found cool crag biome thought wa nice landscape biome plenty
0,minecraft pumpkin cake
0,easy fast meta flying machine minecart honey like
0,made picture every animal mincraft
0,hey look found stronghold first time accidently like said first time found year playing minecraft
0,know late halloween barn inspired spookytown village creepy barn
0,mountain scary beautiful wonder epic
0,everything gone
0,making base mountain however snow floor get snow etc good way make look good without building entire house
0,made obsidian golem really suggestion something fun made
0,please make sure
0,built brother minecraft head
0,anybody know fix redstone repeater doe work one exact block
0,bedrock update break method making smooth stone
0,hour survival minecraft world give idea build next
0,doe anyone know fix know want get back realm asap tried say find anything
0,go nothing
0,fax
0,sorry ha anyone seen happen
0,happy halloween day late know still little thing next friend windmill got reaction yet xd
0,trade leather pant emerald
0,full auto cobblestone generator simple make sticky piston good survival
0,decided play minecraft high wa result
0,found little guy
0,finished carving halloween pumpkin
0,ok boomer
0,saved pigman pumpkin hope dissapear
0,know kind late decided hop trend minecraft pumpkin
0,found old wiiu edition world good time
0,happy halloween
0,spawned end main island
0,finished playing one world wa greeted minecraft beta main menu screen first time ha happened signed beta version first place anybody know even happened
0,skeleton pumpkin head
0,built modern house ya like
0,conduit design haste ii beacon
0,minecraft nice
0,enderman hope doe rain
0,finally
0,pet fish fillipo died friend minecraft server get f chat
0,base expansion
0,happy halloween reddit
0,gamers die respawn
0,find new custom cursor
0,hi guy today show church structure plant tree decoration hope enjoy
0,decided go classic halloween pumpkin
0,rate nickle dime halloween steve costume
0,impressive redesigned nether portal room look like still nether
0,structure block hack
0,survival nether portal friend minecraft server
0,somewhat based dark crystal going sort fantasy style tell think
0,hum skeleton spawning pumpkin head friend spawner
0,mob minecraft spawn pumpkin head holloween seen wither skeleton normal skeleton well
0,found glitch new bedrock update
0,friend dressed creeper halloween
0,want say anything seems something doe fit
0,happy halloween
0,progress medieval squire
0,chance spawn
0,finished base first nearly whole double chest concrete
0,made enderman pumpkin
0,first time seeing occur naturally
0,perfect
0,sometimes moment secret underground entrance need created one much grand look outside outside still look pretty damn good come
0,skeleton spawn carved pumpkin
0,anyone else come across
0,honest portal yet know heck thing came
0,tree grew underground started little
0,think little tree
0,someone help
0,character
0,halloween mob jack head
0,give nerf gun skeleton
0,picture kind dark pumpkin carved year
0,hello reddit spooky pumpkin
0,improved daley slightly
0,quary digging first serious survival world yall think next
0,last post wa first abandoned village second desert temple
0,wanted make older house jukebox part house wanted parrot dancing
0,first build made bedrock want nether building
0,getting close finishing texture pack mashup
0,attempt drawing pumpkin minecraft hope like
0,oh boy go killing
0,well boy death determination
0,finally finished guardian farm caused much anguish lol
0,went old stuff found wa making minecraft art wa
0,macku canoe bionicle
0,know someone already posted minecraft style pumpkin carving wanted show mine
0,monster spawner irl
0,let
0,modern house snow
0,cat help fight drowned minecraft
0,found epic lava lake underground mate
0,think
0,think lil bro enjoying minecraft
0,please tell one experience
0,psycho bates mansion motel build halloween fun
0,survival house
0,peaceful mode actually difficult mode
0,hitbox lectern look wrong
0,carved minecraft pumpkin yesterday
0,halloween costume aaaawww man
0,ok need wifi load mcpe io like stupid minecraft necessarily need wifi play single player
0,screenshot took bsl shaders
0,go watch guy let plant tree url found profile
0,aww man
0,seen
0,make cool vanilla fridge
0,guy seen minecraft sweat game
0,blow charged drop player head
0,one three neither portal
0,thought try base shaders
0,mineplex getting spammed bot
0,made citadel mc
0,colloseum im building realm finished second wall today block wide
0,wip build basement survival server friend suggestion use space practically idea actually
0,pumpkin made halloween
0,hobbit hole made secret entrance
0,first project working guy think far
0,okay minecraft pumpkin
0,survive
0,house upgraded comment
0,fact
0,really like came
0,identical minecraft house making
0,help optifine
0,lady gentleman minecart elevator
0,way item shoot air flow chest mumbo jumbo creeper farm hermitcraft server adapted general mob farm
0,part
0,xbox one update doe mean need update realm
0,screenshots cool nature area built within edge world
0,got stuck diversity adventure mode without cheat anybody know thanks
0,mrcrayfish model creator need help transperancy
0,added couple villager variant using optifine
0,make storage silo much room left add
0,spawned near abandoned desert village new world
0,survival bedrock edition
0,literally everywhere
0,wa trying build nether highway guy wanted say hi
0,power v emerald buy
0,mar nether dimension minecraft
0,need plant tree minecraft teamtrees
0,found
0,help please
0,like play mc low chunk distence
0,allowed greif spawn
0,minecraft hardcore base progress
0,decorated portal entrance hope like
0,cidtower building wa incredable
0,penthouse sweet villager
0,first time using command block feedback would appreciated
0,read full respect wife
0,nothing going floating object supposed
0,minecraft pumpkin
0,first post infamous rabbit murderer
0,spent way much time simple creation xd plan working future
0,found
0,plan week survival enhancing mod
0,got board saw bat basement decided trap
0,made new ethnicity minecraft african american irish mexican
0,took time guy build beast hour survival gameplay amount cobblestone used way much lol think anything touched detailed
0,tour modern minecraft mansion one interior decorating
0,finding new place call home suggestion
0,friend found zombie riding cow window common
0,mu friend decided stop playing pe hitting hour played
0,house come fun
0,little house made around month ago wa playing survival server friend well house campfire mine enter humble nether portal path leading river caught fish
0,wa supposed happen survival
0,completed making please give idea ignore noise diwali outside
0,made diy creeper mask halloween
0,first time minecraft pocket version hope like
0,combine steve enderman
0,found
0,well came across
0,jousting baby zombie gone wrong
0,wa exploring found
0,saw someone else pixel art thought go
0,found huge lava lake
0,first time posting village
0,chunk glitched world created weird scenery walkway
0,text guide perfect
0,preview ho
0,notch made minecraft
0,notch helped find epic
0,pumpkin cubic tried
0,someone tell
0,halloween outfit sorted
0,floating minecart
0,found iceberg infused shipwreck
0,dont know posted thought wa interesting fully enchanted iron armour zombie thorn dont know rare tho
0,survival baseeeeeeeeeeeeeeeeeeeeeeeeeeeeee
0,made furniture mod without mod command block
0,skyscraper
0,tried
0,spawn
0,creeper halloween pumkin first post
0,r r p
0,almost two hour exploring finally found pillager outpost
0,happy spooktober haunted mansion made picture comment
0,got new pc forgot favorite minecraft world gone forever last image world could find wa fun lasted
0,notch donating save earth
0,oh done ducking whale magrathea type shi p
0,know lot people probably carved pumpkin look like
0,papa notch part
0,mr ender bad day
0,im playing minecraft got diamond made direct eye contact creeper worry die
0,sad
0,idea using fishing rod honey block act like grappling hook
0,someone please tell glitch happens
0,friendly reminder still help plant tree even ca afford donate ecosia browser take revenue ad us plant tree around search plant tree
0,update five year playing finally beat
0,idea seed planting
0,trying extend distance jukebox bedrock place one heard across map size reason friend download resource pack use sound heard inside default block radius tip
0,stop chunk swapping worried take something fix easily also swapping biome interesting
0,tower made hide iron farm feel free take inspiration
0,cool icespike biome seed found java work
0,wa adventuring pond decided swim place get water fun gravel collapsed nothing much
0,thank notch cool
0,tip mobile user adjust custom dictionary better command shortcut
0,teacher thought wa taking note awww man wa wrong
0,made sans papyrus house creative world
0,newest project server fun
0,could sleep couple day ago wrote minecraft themed rap sleep deprivation voice altered beginning little self conscious lol know terrible shame enjoy
0,steve real
0,looked away screen heard rattling instinctively paused happened
0,shrine built
0,found pe
0,cake reminds new minecraft cake
0,
0,found giant mushroom ca burn
0,base friend server process adding farm storage cave around outside thought
0,guy think survival house sorry quality criticism welcome
0,minecraft halloween costume
0,wait
0,upgraded house last post mailbox driveway man cave new roof tree grass custom fake address
0,pumpogger
0,zoo minecraft part gaming section halloween event
0,dogo nooo
0,found giant fossil minecraft
0,tip use command block summon ton tnt minecrafts top create massive explosion small place
0,like wall tower
0,aquarium build made
0,first totem
0,carpet map display color carpet color block underneath
0,water look prety cool nether
0,window visual glitch opening launcher working fine open game appears problem minecraft something else entirely graphic card started happening recently
0,working big ish project like sky temple type structure sure roof material used frame stone brick wall cobble floor birch plank interior wall spruce plank suggestion roof material shape
0,see girl behind mineplex doe anyone else see
0,notch donated
0,found one farm btw nether portal nearby normal kind glitch
0,good nether portal design
0,year old year outfit
0,time took way long
0,made simple redstone combination lock
0,game saved right died nether closed game came back realise item got duplicated new duplication glitch
0,bamboo island
0,teamtrees also minecraft
0,happiest minecraft day ever
0,normal
0,weird beetroot farm found amplified world seed
0,weird japanese house
0,took three hour including making detail extra job maybe half idk also paninted ocean hand cuz dumb
0,convenient end gateway portal found
0,took hour half
0,yo wtf
0,fix block breaking entity lag
0,stable built survival world thought
0,help part outside base
0,skeleton horse got struck lightning dude appeared
0,remove thanks
0,found sea ruin city land cool
0,new futuristic city working spent two hour making think
0,absolute giga tree found
0,layer auto cactus farm nothing special help repairing
0,jungle became taiga biome overnight kind problem cause planted crop water freezing stray also spawning like cause look cool problem
0,built barn thought
0,bedrock edition know anyone else knew never seen thought post case
0,survival pocket edition starter house feedback suggestion welcome
0,made destroyer twin skeletron prime minecraft
0,guy reccomendations spruce wa thinking replacing stone andesite stone brick cracked stone brick put grass add kill flower seed leave comment
0,made mini version pink floyd animal album cover
0,bruh iron helmet
0,asshole modded minecraft server replaced single block bedrock wood forever falling purgatory without dying idea reach nether
0,good old day
0,blaze redesign
0,naturally generated tree
0,epic creative build tour
0,saw somebody else post
0,cool desert temple found mostly submerged sand
0,found spruce half spruce tree
0,umm
0,doe anybody happen super simple tutorial world
0,help guy escape prison
0,built fishing hut keralis designed still look epic
0,lot spare time sorry quality
0,help villager wo breed
0,house friend world
0,explain scientist
0,fantastic island fantasy skywars map download
0,idea minecraft xbox build survival world stuck idea
0,first time using opifine pewdiepack
0,said romance wa dead
0,hey guy currently put random seed fun love super special really good luck far seed
0,use enchantment table kind clock
0,found village imported minecraft xbox one world file build village defensive village
0,moonlight study tell situated surface moon skin custom skin made man moon hope guy like glass look like daylight cycle
0,first real build put lot effort suggestion
0,messing friend lot fun
0,minecraft beta xbox one
0,found playing cousin lol
0,wither skeleton last post ha unfortunately died rest peace
0,bit laggy anyway choose good evil
0,friend named zombie villager capitalist jesus revived became shepard wanted rip u
0,two chicken
0,lobby almost finished god wish help xd check instagram scb
0,thanks world gen cool
0,last post village finished besides cottage also look hard enough see tent also put wall
0,decided ask long time friend mine hoco homecoming play minecraft time together thought would best ask said yes im proud love building together
0,
0,another tower made
0,oddball amp b collection thank
0,found village
0,cape minecraft people selling stuff idk got rare something
0,found plague inc
0,wa playing minecraft found look enderman sound keep overlapping getting louder
0,get good building
0,wooden pickaxe bullying need stop use pickax gone emotional
0,better opinion minecraft
0,mine ive working survual plan building fence
0,finally got good enough pc run sildur shaders
0,mr chop died raid made memorial bottom pet treehouse best piggy minecrafter could ask rest porkchop
0,netflix abstract documentary series architect
0,look like going clean
0,making progress might post video inside look later
0,spanish project sorry finish coloring though still got good grade
0,work progress
0,village far got tip make better anything build
0,fall roof
0,spooky scary forest spooktober day
0,someone tell working brought hundred block away seems cooperating new
0,commissioned art
0,thought found jungle temple middle forest
0,golem spawning wrong
0,spooky pumpkin
0,shiny flower
0,built something spooky think repost bcs wa dark
0,redo nether like nether update
0,little update villige
0,best friend forever
0,hallway pur pur palace
0,driftgate kingdom industrial village build
0,saw block tall cactus exploring
0,return dozen zombie
0,one scariest moment minecraft
0,underwater btw wo redstone block activate piston nothing blocking
0,expanded survival village town hill ha grown little village built around ruin calling giant pillager outpost ha converted sort sky farm crop grown remnant floor
0,repost
0,nice
0,think somethings wrong
0,spread word
0,first build ever java edition
0,cidtower hq mainbase max
0,biome update
0,idea inside greenhouse
0,usually put lot effort build thought id give try
0,tucked
0,mate tower built creative realm
0,sushi bar made new honey block
0,live local chicken ha enslaved baby zombie pigman say
0,building ultimate minecraft server linus tech tip
0,minecraft cake
0,joint multiplayer base made
0,villager wake top bed suffocate low ceiling
0,guy think doodle
0,cool thing built servrer
0,fun
0,imperial city tower stage redo really happy result opinion welcome
0,lost favourite world working month made building wa making took month ha anyone else lost world elmo fire picture
0,im buillding star fort aerial view project im gon na post im finished
0,first time made house survival live cave know amazing pretty
0,wandering trader spawned cave wa
0,admit
0,year halloween costume skin became headless horseman
0,made mcpe bottom right proof account posted video
0,need idea resourse pack im making
0,win skywars game
0,rtx
0,wanted mutton zoom sheep
0,mt pet enderman broken
0,omg
0,memory made lt
0,sure overkill bedroom
0,almost year still ca pronounce
0,found end portal said wife going look walk north snowy land threw eye ended drop started mining
0,first post first sphere think put inside think
0,inventory hour mining found every ore yes found random pillager cave
0,attraction built theme park
0,trying make texture pack make endermen bloody halloween keep turning blue whatever reason
0,leave villager leaving town built
0,someone explain texture file unfamiliar language block missing texture certain area deleted bunch unnecessary file turn deleted file include pack comment help
0,know early christmas tree
0,pumpkin carved
0,light hotel definitely minecraft themed
0,brian limond aka limmy birthday cake
0,reverse wandering trader
0,even lift
0,imperial city stage abit disappointing day turned wanted
0,tree ravine
0,first build coming back game suggestion improvement thinking balcony floor put survival
0,banner going added bed anytime soon
0,tree monster
0,wa ready
0,ender dragon eye mouth texture eye ender want get rid glow eye mouth got rid head horn snout cant get rid eye glow mouth glow
0,til witch drop potion holding killed
0,friend playing server together recently one observing accomplished far
0,screenshot busted world
0,instant nut
0,good morning beautiful
0,mobile right hope like
0,farthest possible jump make minecraft block accounting hitbox player
0,new adventure map making pixelmon made poster would like hear guy advice making map story know best poster wa least attempt
0,sand door working help
0,sorry wandering trader
0,guardian farm without removing monument survival
0,think flying village
0,flying cargo train invented using new honey block
0,found beached shipwreck wa partly generated sand sandstone generated instead ship
0,went outer end island first time
0,kid minecraft suck
0,yr old sister trying figure get water creative mode
0,accidentally made teriyaki boyz using end portal
0,wa gon na village world spawned pillager outpost nearby present pillager village
0,desktop background think
0,medieval storage
0,ummmmm
0,think found two natural pink sheep friend trying mess
0,freed space
0,doe mob spawner design still work minecraft bedrock
0,plopped windmill started second island
0,duping still problem bedrock version duping machine found friend house busted furnace moveable block piston java version year
0,build
0,found really small ravene
0,crafting zone general smeltery way feedback
0,weirdest oak tree seen yet
0,teacher test confusing test
0,slime chunk finder minecraft
0,friend stupid doe know make symmetry
0,need help gamers way break block
0,ore one place missing emerald
0,idol
0,wandering villager taking moment silence honor fallen llama pal
0,first minecraft animation
0,could someone help u fixed zombie villager made room profession change trying get broken mending trade staying butcher
0,feel bit dull improve
0,found run dont know rare realise hopbar messed need point
0,minecraft toy home
0,shader beautiful
0,built house       
0,friend good tho
0,village stumbled upon hc world block top bottom
0,buildin base go sky seems bit flat advice would awesome currently story
0,skeleton drown
0,man game look good
0,decided spice sg spawn wip
0,wa watching ilmango video saw tileable flying machine wa wondering going work bedrock doe might possible make quarry someone make quarry bedrock pls smart make one
0,close encounter
0,farm generated shipwreck
0,playing minecraft friend bad idea
0,cool effect glass would look better though certain thing better also forgot saw originally
0,found tree grew gravel thought wa interesting enough posting
0,made crop painting get cropped nice wallpaper
0,wa covering revien panda spawned right supposed spawn jungle biome
0,house got yote
0,messing around wanted make something like tree house needle say think look good like lighting look night though
0,whats thing
0,good man
0,check cool pumpkin made
0,like see someone build minecraft
0,man made villager town pocket edition bedrock
0,night fishing
0,doe anyone good texture pack spice dog little bit
0,rate ship made survival
0,first sort build wanted get feedback harsh want sorry bad pic aswell
0,crawl something wrong
0,turned around shulker chest see army zombie coming
0,awesome nether spawn
0,dog update
0,happened u
0,minecraft chicken farm visual step step guide
0,reason water appears white shaders problem issue
0,iron farm hc optimal
0,hey started playing new bedrock beta survival world phone bug noticed baby villager head big little skin far left corner doe show armor show elytron bee touch flower float
0,thank minecraft
0,flying panda
0,crayola knowing
0,wanted play rlcraft modpack twichapp isnt detecting minecraft
0,got old java account used play wa ecstatic
0,think getting trapped jungle temple house angry polar bear quite fair
0,lucky day find exposed stronghold also found drouned holding trident nautilus shell could screenshot also found shiny pokemon go
0,got exact map sunken ship near treasure wa hunting
0,first time survival kept putting
0,looking opinion spruce building polished onsite slab stair
0,spooktober
0,snow bal
0,go far
0,hell going
0,enough iron hopper
0,get idea mini tower build airship
0,made prototype chicken launcher
0,made pokemon fusion minecraft altaria flygon virizion
0,minecraft bedrock relm open relm code
0,coward play almost exclusively peaceful cheat frequently decided try hardcore mode going far
0,discovered minecraft math added eleven shaded one last digit
0,took food classmate
0,ibxtoycat ha ender dragon egg world steak hand
0,glowstone working doe anyone know
0,make beacon design think
0,presenting ik exterior suck please help
0,doggg
0,first build actually put thought thought
0,panda father soo cute
0,play minecraft hour thb go school
0,drinking night vision potion end sound
0,mesa biome many gold look hotbar
0,wa looking thru screenshots found btw ignore bad english lol
0,red stone minecraft portal
0,baby zombie spawner village
0,created panel portal minecraft recreated portion panel trailer portal also minecraft
0,one help get downloads get downloads wil try get aternos server hosting good youtube make mod review mod link comment
0,built shreks hut time lapse building youtube
0,rate first tower also pls suggestion next
0,bed war first place
0,got first illager banner doe look like one black banner
0,progress ha made castle added rest spire settled cone roof idea improve detail
0,cool seed friend found bedrock coral reef mushroom island spawn floating block shipwreck turtle beach nearby
0,got done first part upcoming game done guy like
0,creeper icon go
0,change app store country new zealand vpn profit
0,idk always hated villager minecraft probably cause hmms stupid trade offer sometimes gon na adding villager cannon build soon
0,wholesome minecrafters
0,made bulgarian house detail comment
0,wan na show view new house
0,
0,first time building enderman farm endermen even spawing end stone brick platform give reason
0,fact
0,posting meme allowed
0,minecraft introduced block like apple
0,wip made blockus mod bc hedge everything
0,simple tileable stackable bamboo farm bedrock edition
0,love way mod make minecraft look
0,correct optifine site antivirus computer say might safe trying verity
0,monster made let know think
0,made sans
0,finally got poopyhead
0,large scale map smp
0,playing since realized stuff flying book shard glass letter enchantment language
0,home good feeling finally see home
0,think made mad
0,little medieval house made hope like
0,
0,gon na
0,danger
0,superyacht made mcpe world think
0,chest room design came let know guy think wanted something different vibrant
0,modded super market wip
0,happend today
0,skeleton standing broad daylight completely unharmed wa protected anything wa hit started burn
0,tall pillager outpost friend found survival world
0,first ever drop edit yt channel lefe
0,really bad trade villager
0,minecraft jitter click spasm
0,inreresting
0,castle version
0,minecraft desk bed combo
0,anyway farm bee fishing pole fished
0,new mcbe beta honey block longer stick slime block
0,lava collector
0,sun setting gledlygvon spooncelund
0,interesting seed
0,took forever draw know perfect honest work
0,new base update
0,first fossil survival rare
0,hi gamers villager restocking idea
0,bar made uncle thought
0,wa making mod happened
0,tall mushroom tree found searching world
0,going wa working junior high school stumbled across scene random computer screen hour class wa session avid gamer never played minecraft therefore tell standard something interesting lol
0,scroll nothing see
0,cool design enchanting room
0,almost perfect cave
0,meta ban natural generation find include seed coordinate
0,ca see light updated
0,found lego minecraft ripoff
0,new vote vote
0,thought slavery minecraft
0,sorry pic crazy extreme hill
0,trying craft splash potion
0,amazing rendition
0,built space today
0,ha server become
0,fps minecraft macbook air
0,first time seriously playing minecraft used tutorial house
0,boat break
0,halloween
0,guess enchanted book animation got updated world bugged
0,anyone else major bug new update chest invisible villager big head custom character wo save mess
0,real one remember game console edition
0,made small village know pretty doe think
0,another ugly house
0,food
0,conspect present auto crafter btw image basically auto crafter craft something without needing example leave bunch redstone chest go auto crafter select crafting recipe convert selected
0,fun kill people multishot enchantment firework max damage
0,cool village found
0,glitch mcpe
0,quick drawing
0,exclusive elytron enchantment
0,stated rlcraft today guy think
0,first ever custom spruce tree btw tree perfect feel like uniform
0,cave personal modpack
0,tnt cannon
0,get villager breed fed bread
0,finished idea
0,villager wont breed
0,updated house based suggestion
0,redstone light give different light level based power getting
0,look better right dark oak left spruce sorry quality whatever problem may
0,one first build acually good
0,dumbest idea ever check every single letter place instead check availability button like honestly supposed know
0,two house two pet dog azekiel cat babajide
0,brother asked build capital building finished front
0,think survival lighthouse criticism welcome also play xbox get used bad quality
0,flat infinitely expandable storage
0,new survival world thought suggestion idea improvement build next furnace auto smelter
0,would anyone want help make haunted house look good bedrock edition
0,got jump scared
0,halloween
0,dont mind im riding phantom
0,pretty basic house tour
0,made change gui leaf also added little bit detail grass stone felt way simple download link comment
0,proud loss diamond
0,ha stopped working
0,posted week ago final product thanks advice help gladly take new suggestion
0,get cow sheep
0,doe mean cant fix bow ill lose infinity power unbreaking bow
0,ah sheet go
0,big brain
0,awww man hurt
0,anarchy
0,know
0,nothing look
0,new family member
0,saw chest posed
0,holy barn keeper observe mortal
0,unofficial bible minecrafters
0,lit woodland mansion fire amp happened
0,upgraded mannor building bell tower garage next hope guy gal like constructive criticizm welcome
0,improve
0,wa testing new bow function minute old world made found natural pink sheep
0,try make creeper aww man pack new poster
0,little house built
0,jump edge
0,wa playing minecraft happened
0,update castle starting add requested stuff still taking build request comment let make good
0,day start playing
0,testing skeleton texture mod im workin
0,beating ender dragon snow men army beating endermen made town
0,fun fact skeleton farm spawner change skeleton armor sometimes sorry pic blurry
0,wa searching trident came across spawn much ruin
0,belong
0,door
0,made favorite lord fe minecraft
0,never took interest making nether room since first came first one criticism required
0,thingy made
0,one better
0,anybody noticed nether portal feel like easter egg upcoming nether update
0,thing
0,moving work
0,odd zombie villager texturing
0,underground village still young many stonks
0,render map made
0,found village halfway swamp
0,small bridge built
